<beans:beans xmlns="http://www.springframework.org/schema/security" xmlns:beans="http://www.springframework.org/schema/beans" xmlns:xsi="http://www.w3.org/2001/XMLSchema-instance" xsi:schemaLocation="http://www.springframework.org/schema/beans http://www.springframework.org/schema/beans/spring-beans-3.0.xsd 
 http://www.springframework.org/schema/security
 http://www.springframework.org/schema/security/spring-security-3.1.xsd">
 
 <global-method-security pre-post-annotations="enabled">
     
    </global-method-security>
	<http auto-config="true" use-expressions="true" >
		<intercept-url pattern="/faces/User.jsp" access="hasRole('ROLE_DIRECTOR')"/>
		<http-basic />
	</http>

	<authentication-manager>
      <authentication-provider>
	<password-encoder hash="sha" />
	   <user-service>
	      <user name="anjana" password="bde892ed4e131546a2f9997cc94d31e2c8f18b2a" 
		    authorities="ROLE_DIRECTOR" />
	   </user-service>
	</authentication-provider>
   </authentication-manager>
</beans:beans>