<beans:beans xmlns="http://www.springframework.org/schema/security" xmlns:beans="http://www.springframework.org/schema/beans" xmlns:xsi="http://www.w3.org/2001/XMLSchema-instance" xsi:schemaLocation="http://www.springframework.org/schema/beans http://www.springframework.org/schema/beans/spring-beans-3.0.xsd 
 http://www.springframework.org/schema/security
  http://www.springframework.org/schema/security/spring-security-3.1.xsd">

 <global-method-security pre-post-annotations="enabled">
     
    </global-method-security>
	<http auto-config="true" use-expressions="true" >
		
		 <intercept-url pattern="/faces/Supplier.jsp" access="hasRole('ROLE_USER')"/>  
		<form-login login-processing-url="/j_spring_security_check" login-page="/faces/login.jsp" default-target-url="/faces/Supplier.jsp" authentication-failure-url="/faces/login.jsp" />
		<logout  logout-success-url="/faces/login.jsp" />
		
	</http>

	<authentication-manager> 
	   <authentication-provider> 
 		<jdbc-user-service data-source-ref="MySqlDS" 
 		   users-by-username-query=" 
 		      select username,password, enabled   
		      from users1 where username=?"  
 
		   authorities-by-username-query=" 
		      select u.username, ur.role from users1 u, user_roles ur  
	      where u.user_id = ur.user_id and u.username =?  " /> 
	   </authentication-provider>
	   	</authentication-manager> 
</beans:beans>